Time_Window,Generated_Packets,Received_Packets,Instantaneous_PDR,Flow_ID,File_Path
2000.0-2001.0,122,122,1.0,Flow_Node0-Node6,C:\Users\Ameliyn\MCA_Routing_BSCAP\Results_Multi_N100\daisy_chain_medium_1200_2-0_0\Flow_Node0-Node6.csv
2001.0-2002.0,122,122,1.0,Flow_Node0-Node6,C:\Users\Ameliyn\MCA_Routing_BSCAP\Results_Multi_N100\daisy_chain_medium_1200_2-0_0\Flow_Node0-Node6.csv
2002.0-2003.0,122,123,1.0081967213114753,Flow_Node0-Node6,C:\Users\Ameliyn\MCA_Routing_BSCAP\Results_Multi_N100\daisy_chain_medium_1200_2-0_0\Flow_Node0-Node6.csv
2003.0-2004.0,122,122,1.0,Flow_Node0-Node6,C:\Users\Ameliyn\MCA_Routing_BSCAP\Results_Multi_N100\daisy_chain_medium_1200_2-0_0\Flow_Node0-Node6.csv
2004.0-2005.0,122,122,1.0,Flow_Node0-Node6,C:\Users\Ameliyn\MCA_Routing_BSCAP\Results_Multi_N100\daisy_chain_medium_1200_2-0_0\Flow_Node0-Node6.csv
2005.0-2006.0,122,121,0.9918032786885246,Flow_Node0-Node6,C:\Users\Ameliyn\MCA_Routing_BSCAP\Results_Multi_N100\daisy_chain_medium_1200_2-0_0\Flow_Node0-Node6.csv
2006.0-2007.0,122,123,1.0081967213114753,Flow_Node0-Node6,C:\Users\Ameliyn\MCA_Routing_BSCAP\Results_Multi_N100\daisy_chain_medium_1200_2-0_0\Flow_Node0-Node6.csv
2007.0-2008.0,122,121,0.9918032786885246,Flow_Node0-Node6,C:\Users\Ameliyn\MCA_Routing_BSCAP\Results_Multi_N100\daisy_chain_medium_1200_2-0_0\Flow_Node0-Node6.csv
2008.0-2009.0,122,123,1.0081967213114753,Flow_Node0-Node6,C:\Users\Ameliyn\MCA_Routing_BSCAP\Results_Multi_N100\daisy_chain_medium_1200_2-0_0\Flow_Node0-Node6.csv
2009.0-2010.0,122,122,1.0,Flow_Node0-Node6,C:\Users\Ameliyn\MCA_Routing_BSCAP\Results_Multi_N100\daisy_chain_medium_1200_2-0_0\Flow_Node0-Node6.csv
2010.0-2011.0,122,121,0.9918032786885246,Flow_Node0-Node6,C:\Users\Ameliyn\MCA_Routing_BSCAP\Results_Multi_N100\daisy_chain_medium_1200_2-0_0\Flow_Node0-Node6.csv
2011.0-2012.0,122,122,1.0,Flow_Node0-Node6,C:\Users\Ameliyn\MCA_Routing_BSCAP\Results_Multi_N100\daisy_chain_medium_1200_2-0_0\Flow_Node0-Node6.csv
2012.0-2013.0,122,123,1.0081967213114753,Flow_Node0-Node6,C:\Users\Ameliyn\MCA_Routing_BSCAP\Results_Multi_N100\daisy_chain_medium_1200_2-0_0\Flow_Node0-Node6.csv
2013.0-2014.0,122,122,1.0,Flow_Node0-Node6,C:\Users\Ameliyn\MCA_Routing_BSCAP\Results_Multi_N100\daisy_chain_medium_1200_2-0_0\Flow_Node0-Node6.csv
2014.0-2015.0,122,122,1.0,Flow_Node0-Node6,C:\Users\Ameliyn\MCA_Routing_BSCAP\Results_Multi_N100\daisy_chain_medium_1200_2-0_0\Flow_Node0-Node6.csv
2015.0-2016.0,122,122,1.0,Flow_Node0-Node6,C:\Users\Ameliyn\MCA_Routing_BSCAP\Results_Multi_N100\daisy_chain_medium_1200_2-0_0\Flow_Node0-Node6.csv
2016.0-2017.0,122,121,0.9918032786885246,Flow_Node0-Node6,C:\Users\Ameliyn\MCA_Routing_BSCAP\Results_Multi_N100\daisy_chain_medium_1200_2-0_0\Flow_Node0-Node6.csv
2017.0-2018.0,122,123,1.0081967213114753,Flow_Node0-Node6,C:\Users\Ameliyn\MCA_Routing_BSCAP\Results_Multi_N100\daisy_chain_medium_1200_2-0_0\Flow_Node0-Node6.csv
2018.0-2019.0,122,122,1.0,Flow_Node0-Node6,C:\Users\Ameliyn\MCA_Routing_BSCAP\Results_Multi_N100\daisy_chain_medium_1200_2-0_0\Flow_Node0-Node6.csv
2019.0-2020.0,122,122,1.0,Flow_Node0-Node6,C:\Users\Ameliyn\MCA_Routing_BSCAP\Results_Multi_N100\daisy_chain_medium_1200_2-0_0\Flow_Node0-Node6.csv
2020.0-2021.0,122,122,1.0,Flow_Node0-Node6,C:\Users\Ameliyn\MCA_Routing_BSCAP\Results_Multi_N100\daisy_chain_medium_1200_2-0_0\Flow_Node0-Node6.csv
2021.0-2022.0,122,122,1.0,Flow_Node0-Node6,C:\Users\Ameliyn\MCA_Routing_BSCAP\Results_Multi_N100\daisy_chain_medium_1200_2-0_0\Flow_Node0-Node6.csv
2022.0-2023.0,122,122,1.0,Flow_Node0-Node6,C:\Users\Ameliyn\MCA_Routing_BSCAP\Results_Multi_N100\daisy_chain_medium_1200_2-0_0\Flow_Node0-Node6.csv
2023.0-2024.0,122,122,1.0,Flow_Node0-Node6,C:\Users\Ameliyn\MCA_Routing_BSCAP\Results_Multi_N100\daisy_chain_medium_1200_2-0_0\Flow_Node0-Node6.csv
2024.0-2025.0,122,122,1.0,Flow_Node0-Node6,C:\Users\Ameliyn\MCA_Routing_BSCAP\Results_Multi_N100\daisy_chain_medium_1200_2-0_0\Flow_Node0-Node6.csv
2025.0-2026.0,122,122,1.0,Flow_Node0-Node6,C:\Users\Ameliyn\MCA_Routing_BSCAP\Results_Multi_N100\daisy_chain_medium_1200_2-0_0\Flow_Node0-Node6.csv
2026.0-2027.0,122,121,0.9918032786885246,Flow_Node0-Node6,C:\Users\Ameliyn\MCA_Routing_BSCAP\Results_Multi_N100\daisy_chain_medium_1200_2-0_0\Flow_Node0-Node6.csv
2027.0-2028.0,122,123,1.0081967213114753,Flow_Node0-Node6,C:\Users\Ameliyn\MCA_Routing_BSCAP\Results_Multi_N100\daisy_chain_medium_1200_2-0_0\Flow_Node0-Node6.csv
2028.0-2029.0,122,122,1.0,Flow_Node0-Node6,C:\Users\Ameliyn\MCA_Routing_BSCAP\Results_Multi_N100\daisy_chain_medium_1200_2-0_0\Flow_Node0-Node6.csv
2029.0-2030.0,122,122,1.0,Flow_Node0-Node6,C:\Users\Ameliyn\MCA_Routing_BSCAP\Results_Multi_N100\daisy_chain_medium_1200_2-0_0\Flow_Node0-Node6.csv
2030.0-2031.0,122,122,1.0,Flow_Node0-Node6,C:\Users\Ameliyn\MCA_Routing_BSCAP\Results_Multi_N100\daisy_chain_medium_1200_2-0_0\Flow_Node0-Node6.csv
2031.0-2032.0,122,122,1.0,Flow_Node0-Node6,C:\Users\Ameliyn\MCA_Routing_BSCAP\Results_Multi_N100\daisy_chain_medium_1200_2-0_0\Flow_Node0-Node6.csv
2032.0-2033.0,122,122,1.0,Flow_Node0-Node6,C:\Users\Ameliyn\MCA_Routing_BSCAP\Results_Multi_N100\daisy_chain_medium_1200_2-0_0\Flow_Node0-Node6.csv
2033.0-2034.0,122,122,1.0,Flow_Node0-Node6,C:\Users\Ameliyn\MCA_Routing_BSCAP\Results_Multi_N100\daisy_chain_medium_1200_2-0_0\Flow_Node0-Node6.csv
2034.0-2035.0,122,122,1.0,Flow_Node0-Node6,C:\Users\Ameliyn\MCA_Routing_BSCAP\Results_Multi_N100\daisy_chain_medium_1200_2-0_0\Flow_Node0-Node6.csv
2035.0-2036.0,122,122,1.0,Flow_Node0-Node6,C:\Users\Ameliyn\MCA_Routing_BSCAP\Results_Multi_N100\daisy_chain_medium_1200_2-0_0\Flow_Node0-Node6.csv
2036.0-2037.0,122,122,1.0,Flow_Node0-Node6,C:\Users\Ameliyn\MCA_Routing_BSCAP\Results_Multi_N100\daisy_chain_medium_1200_2-0_0\Flow_Node0-Node6.csv
2037.0-2038.0,122,121,0.9918032786885246,Flow_Node0-Node6,C:\Users\Ameliyn\MCA_Routing_BSCAP\Results_Multi_N100\daisy_chain_medium_1200_2-0_0\Flow_Node0-Node6.csv
2038.0-2039.0,122,123,1.0081967213114753,Flow_Node0-Node6,C:\Users\Ameliyn\MCA_Routing_BSCAP\Results_Multi_N100\daisy_chain_medium_1200_2-0_0\Flow_Node0-Node6.csv
2039.0-2040.0,122,122,1.0,Flow_Node0-Node6,C:\Users\Ameliyn\MCA_Routing_BSCAP\Results_Multi_N100\daisy_chain_medium_1200_2-0_0\Flow_Node0-Node6.csv
2040.0-2041.0,122,122,1.0,Flow_Node0-Node6,C:\Users\Ameliyn\MCA_Routing_BSCAP\Results_Multi_N100\daisy_chain_medium_1200_2-0_0\Flow_Node0-Node6.csv
2041.0-2042.0,122,121,0.9918032786885246,Flow_Node0-Node6,C:\Users\Ameliyn\MCA_Routing_BSCAP\Results_Multi_N100\daisy_chain_medium_1200_2-0_0\Flow_Node0-Node6.csv
2042.0-2043.0,122,122,1.0,Flow_Node0-Node6,C:\Users\Ameliyn\MCA_Routing_BSCAP\Results_Multi_N100\daisy_chain_medium_1200_2-0_0\Flow_Node0-Node6.csv
2043.0-2044.0,122,123,1.0081967213114753,Flow_Node0-Node6,C:\Users\Ameliyn\MCA_Routing_BSCAP\Results_Multi_N100\daisy_chain_medium_1200_2-0_0\Flow_Node0-Node6.csv
2044.0-2045.0,122,122,1.0,Flow_Node0-Node6,C:\Users\Ameliyn\MCA_Routing_BSCAP\Results_Multi_N100\daisy_chain_medium_1200_2-0_0\Flow_Node0-Node6.csv
2045.0-2046.0,122,122,1.0,Flow_Node0-Node6,C:\Users\Ameliyn\MCA_Routing_BSCAP\Results_Multi_N100\daisy_chain_medium_1200_2-0_0\Flow_Node0-Node6.csv
2046.0-2047.0,122,121,0.9918032786885246,Flow_Node0-Node6,C:\Users\Ameliyn\MCA_Routing_BSCAP\Results_Multi_N100\daisy_chain_medium_1200_2-0_0\Flow_Node0-Node6.csv
2047.0-2048.0,122,123,1.0081967213114753,Flow_Node0-Node6,C:\Users\Ameliyn\MCA_Routing_BSCAP\Results_Multi_N100\daisy_chain_medium_1200_2-0_0\Flow_Node0-Node6.csv
2048.0-2049.0,122,122,1.0,Flow_Node0-Node6,C:\Users\Ameliyn\MCA_Routing_BSCAP\Results_Multi_N100\daisy_chain_medium_1200_2-0_0\Flow_Node0-Node6.csv
2049.0-2050.0,122,122,1.0,Flow_Node0-Node6,C:\Users\Ameliyn\MCA_Routing_BSCAP\Results_Multi_N100\daisy_chain_medium_1200_2-0_0\Flow_Node0-Node6.csv
2050.0-2051.0,122,122,1.0,Flow_Node0-Node6,C:\Users\Ameliyn\MCA_Routing_BSCAP\Results_Multi_N100\daisy_chain_medium_1200_2-0_0\Flow_Node0-Node6.csv
2051.0-2052.0,122,122,1.0,Flow_Node0-Node6,C:\Users\Ameliyn\MCA_Routing_BSCAP\Results_Multi_N100\daisy_chain_medium_1200_2-0_0\Flow_Node0-Node6.csv
2052.0-2053.0,122,122,1.0,Flow_Node0-Node6,C:\Users\Ameliyn\MCA_Routing_BSCAP\Results_Multi_N100\daisy_chain_medium_1200_2-0_0\Flow_Node0-Node6.csv
2053.0-2054.0,122,121,0.9918032786885246,Flow_Node0-Node6,C:\Users\Ameliyn\MCA_Routing_BSCAP\Results_Multi_N100\daisy_chain_medium_1200_2-0_0\Flow_Node0-Node6.csv
2054.0-2055.0,122,122,1.0,Flow_Node0-Node6,C:\Users\Ameliyn\MCA_Routing_BSCAP\Results_Multi_N100\daisy_chain_medium_1200_2-0_0\Flow_Node0-Node6.csv
2055.0-2056.0,122,123,1.0081967213114753,Flow_Node0-Node6,C:\Users\Ameliyn\MCA_Routing_BSCAP\Results_Multi_N100\daisy_chain_medium_1200_2-0_0\Flow_Node0-Node6.csv
2056.0-2057.0,122,122,1.0,Flow_Node0-Node6,C:\Users\Ameliyn\MCA_Routing_BSCAP\Results_Multi_N100\daisy_chain_medium_1200_2-0_0\Flow_Node0-Node6.csv
2057.0-2058.0,122,122,1.0,Flow_Node0-Node6,C:\Users\Ameliyn\MCA_Routing_BSCAP\Results_Multi_N100\daisy_chain_medium_1200_2-0_0\Flow_Node0-Node6.csv
2058.0-2059.0,122,122,1.0,Flow_Node0-Node6,C:\Users\Ameliyn\MCA_Routing_BSCAP\Results_Multi_N100\daisy_chain_medium_1200_2-0_0\Flow_Node0-Node6.csv
2059.0-2060.0,122,121,0.9918032786885246,Flow_Node0-Node6,C:\Users\Ameliyn\MCA_Routing_BSCAP\Results_Multi_N100\daisy_chain_medium_1200_2-0_0\Flow_Node0-Node6.csv
2060.0-2061.0,122,123,1.0081967213114753,Flow_Node0-Node6,C:\Users\Ameliyn\MCA_Routing_BSCAP\Results_Multi_N100\daisy_chain_medium_1200_2-0_0\Flow_Node0-Node6.csv
2061.0-2062.0,122,122,1.0,Flow_Node0-Node6,C:\Users\Ameliyn\MCA_Routing_BSCAP\Results_Multi_N100\daisy_chain_medium_1200_2-0_0\Flow_Node0-Node6.csv
2062.0-2063.0,122,122,1.0,Flow_Node0-Node6,C:\Users\Ameliyn\MCA_Routing_BSCAP\Results_Multi_N100\daisy_chain_medium_1200_2-0_0\Flow_Node0-Node6.csv
2063.0-2064.0,122,121,0.9918032786885246,Flow_Node0-Node6,C:\Users\Ameliyn\MCA_Routing_BSCAP\Results_Multi_N100\daisy_chain_medium_1200_2-0_0\Flow_Node0-Node6.csv
2064.0-2065.0,122,123,1.0081967213114753,Flow_Node0-Node6,C:\Users\Ameliyn\MCA_Routing_BSCAP\Results_Multi_N100\daisy_chain_medium_1200_2-0_0\Flow_Node0-Node6.csv
2065.0-2066.0,122,122,1.0,Flow_Node0-Node6,C:\Users\Ameliyn\MCA_Routing_BSCAP\Results_Multi_N100\daisy_chain_medium_1200_2-0_0\Flow_Node0-Node6.csv
2066.0-2067.0,122,122,1.0,Flow_Node0-Node6,C:\Users\Ameliyn\MCA_Routing_BSCAP\Results_Multi_N100\daisy_chain_medium_1200_2-0_0\Flow_Node0-Node6.csv
2067.0-2068.0,122,122,1.0,Flow_Node0-Node6,C:\Users\Ameliyn\MCA_Routing_BSCAP\Results_Multi_N100\daisy_chain_medium_1200_2-0_0\Flow_Node0-Node6.csv
2068.0-2069.0,122,122,1.0,Flow_Node0-Node6,C:\Users\Ameliyn\MCA_Routing_BSCAP\Results_Multi_N100\daisy_chain_medium_1200_2-0_0\Flow_Node0-Node6.csv
2069.0-2070.0,122,122,1.0,Flow_Node0-Node6,C:\Users\Ameliyn\MCA_Routing_BSCAP\Results_Multi_N100\daisy_chain_medium_1200_2-0_0\Flow_Node0-Node6.csv
2070.0-2071.0,122,122,1.0,Flow_Node0-Node6,C:\Users\Ameliyn\MCA_Routing_BSCAP\Results_Multi_N100\daisy_chain_medium_1200_2-0_0\Flow_Node0-Node6.csv
2071.0-2072.0,122,122,1.0,Flow_Node0-Node6,C:\Users\Ameliyn\MCA_Routing_BSCAP\Results_Multi_N100\daisy_chain_medium_1200_2-0_0\Flow_Node0-Node6.csv
2072.0-2073.0,122,122,1.0,Flow_Node0-Node6,C:\Users\Ameliyn\MCA_Routing_BSCAP\Results_Multi_N100\daisy_chain_medium_1200_2-0_0\Flow_Node0-Node6.csv
2073.0-2074.0,122,122,1.0,Flow_Node0-Node6,C:\Users\Ameliyn\MCA_Routing_BSCAP\Results_Multi_N100\daisy_chain_medium_1200_2-0_0\Flow_Node0-Node6.csv
2074.0-2075.0,122,122,1.0,Flow_Node0-Node6,C:\Users\Ameliyn\MCA_Routing_BSCAP\Results_Multi_N100\daisy_chain_medium_1200_2-0_0\Flow_Node0-Node6.csv
2075.0-2076.0,122,121,0.9918032786885246,Flow_Node0-Node6,C:\Users\Ameliyn\MCA_Routing_BSCAP\Results_Multi_N100\daisy_chain_medium_1200_2-0_0\Flow_Node0-Node6.csv
2076.0-2077.0,122,122,1.0,Flow_Node0-Node6,C:\Users\Ameliyn\MCA_Routing_BSCAP\Results_Multi_N100\daisy_chain_medium_1200_2-0_0\Flow_Node0-Node6.csv
2077.0-2078.0,122,122,1.0,Flow_Node0-Node6,C:\Users\Ameliyn\MCA_Routing_BSCAP\Results_Multi_N100\daisy_chain_medium_1200_2-0_0\Flow_Node0-Node6.csv
2078.0-2079.0,122,123,1.0081967213114753,Flow_Node0-Node6,C:\Users\Ameliyn\MCA_Routing_BSCAP\Results_Multi_N100\daisy_chain_medium_1200_2-0_0\Flow_Node0-Node6.csv
2079.0-2080.0,122,121,0.9918032786885246,Flow_Node0-Node6,C:\Users\Ameliyn\MCA_Routing_BSCAP\Results_Multi_N100\daisy_chain_medium_1200_2-0_0\Flow_Node0-Node6.csv
2080.0-2081.0,122,123,1.0081967213114753,Flow_Node0-Node6,C:\Users\Ameliyn\MCA_Routing_BSCAP\Results_Multi_N100\daisy_chain_medium_1200_2-0_0\Flow_Node0-Node6.csv
2081.0-2082.0,122,121,0.9918032786885246,Flow_Node0-Node6,C:\Users\Ameliyn\MCA_Routing_BSCAP\Results_Multi_N100\daisy_chain_medium_1200_2-0_0\Flow_Node0-Node6.csv
2082.0-2083.0,122,122,1.0,Flow_Node0-Node6,C:\Users\Ameliyn\MCA_Routing_BSCAP\Results_Multi_N100\daisy_chain_medium_1200_2-0_0\Flow_Node0-Node6.csv
2083.0-2084.0,122,122,1.0,Flow_Node0-Node6,C:\Users\Ameliyn\MCA_Routing_BSCAP\Results_Multi_N100\daisy_chain_medium_1200_2-0_0\Flow_Node0-Node6.csv
2084.0-2085.0,122,123,1.0081967213114753,Flow_Node0-Node6,C:\Users\Ameliyn\MCA_Routing_BSCAP\Results_Multi_N100\daisy_chain_medium_1200_2-0_0\Flow_Node0-Node6.csv
2085.0-2086.0,122,121,0.9918032786885246,Flow_Node0-Node6,C:\Users\Ameliyn\MCA_Routing_BSCAP\Results_Multi_N100\daisy_chain_medium_1200_2-0_0\Flow_Node0-Node6.csv
2086.0-2087.0,122,123,1.0081967213114753,Flow_Node0-Node6,C:\Users\Ameliyn\MCA_Routing_BSCAP\Results_Multi_N100\daisy_chain_medium_1200_2-0_0\Flow_Node0-Node6.csv
2087.0-2088.0,122,121,0.9918032786885246,Flow_Node0-Node6,C:\Users\Ameliyn\MCA_Routing_BSCAP\Results_Multi_N100\daisy_chain_medium_1200_2-0_0\Flow_Node0-Node6.csv
2088.0-2089.0,122,122,1.0,Flow_Node0-Node6,C:\Users\Ameliyn\MCA_Routing_BSCAP\Results_Multi_N100\daisy_chain_medium_1200_2-0_0\Flow_Node0-Node6.csv
2089.0-2090.0,122,122,1.0,Flow_Node0-Node6,C:\Users\Ameliyn\MCA_Routing_BSCAP\Results_Multi_N100\daisy_chain_medium_1200_2-0_0\Flow_Node0-Node6.csv
2090.0-2091.0,122,123,1.0081967213114753,Flow_Node0-Node6,C:\Users\Ameliyn\MCA_Routing_BSCAP\Results_Multi_N100\daisy_chain_medium_1200_2-0_0\Flow_Node0-Node6.csv
2091.0-2092.0,122,121,0.9918032786885246,Flow_Node0-Node6,C:\Users\Ameliyn\MCA_Routing_BSCAP\Results_Multi_N100\daisy_chain_medium_1200_2-0_0\Flow_Node0-Node6.csv
2092.0-2093.0,122,122,1.0,Flow_Node0-Node6,C:\Users\Ameliyn\MCA_Routing_BSCAP\Results_Multi_N100\daisy_chain_medium_1200_2-0_0\Flow_Node0-Node6.csv
2093.0-2094.0,122,122,1.0,Flow_Node0-Node6,C:\Users\Ameliyn\MCA_Routing_BSCAP\Results_Multi_N100\daisy_chain_medium_1200_2-0_0\Flow_Node0-Node6.csv
2094.0-2095.0,122,122,1.0,Flow_Node0-Node6,C:\Users\Ameliyn\MCA_Routing_BSCAP\Results_Multi_N100\daisy_chain_medium_1200_2-0_0\Flow_Node0-Node6.csv
2095.0-2096.0,122,122,1.0,Flow_Node0-Node6,C:\Users\Ameliyn\MCA_Routing_BSCAP\Results_Multi_N100\daisy_chain_medium_1200_2-0_0\Flow_Node0-Node6.csv
2096.0-2097.0,122,123,1.0081967213114753,Flow_Node0-Node6,C:\Users\Ameliyn\MCA_Routing_BSCAP\Results_Multi_N100\daisy_chain_medium_1200_2-0_0\Flow_Node0-Node6.csv
2097.0-2098.0,122,121,0.9918032786885246,Flow_Node0-Node6,C:\Users\Ameliyn\MCA_Routing_BSCAP\Results_Multi_N100\daisy_chain_medium_1200_2-0_0\Flow_Node0-Node6.csv
2098.0-2099.0,122,122,1.0,Flow_Node0-Node6,C:\Users\Ameliyn\MCA_Routing_BSCAP\Results_Multi_N100\daisy_chain_medium_1200_2-0_0\Flow_Node0-Node6.csv
2099.0-2100.0,120,122,1.0166666666666666,Flow_Node0-Node6,C:\Users\Ameliyn\MCA_Routing_BSCAP\Results_Multi_N100\daisy_chain_medium_1200_2-0_0\Flow_Node0-Node6.csv
